<?xml version="1.0"?>
<doc>
    <assembly>
        <name>FlareNet.Core</name>
    </assembly>
    <members>
        <member name="P:FlareNet.Core.Internals.Feed.Models.Channel.MinimumReleaseVersion">
            <summary>
            Minimum release version that is supported for this channel, if version is older user must update.
            </summary>
        </member>
        <member name="P:FlareNet.Core.Internals.Feed.Models.Release.MinimumOsVersion">
            <summary>
            Minimum supported OS version for this release.
            </summary>
        </member>
        <member name="M:FlareNet.Core.Internals.SetupFilePathBuilder.Build(System.String,System.Version)">
            Advanced installer has internal signature validation and if file not exe, setup closes it self:
            <see cref = "!:http://www.advancedinstaller.com/user-guide/faq-digital-signature.html#question65" />
            Support for other setup file types can be implemented when needed.
        </member>
        <member name="T:FlareNet.Core.FlareUpdater">
            <summary>
            Provides methods for handling application updates.
            </summary>
        </member>
        <member name="M:FlareNet.Core.FlareUpdater.#ctor(System.String)">
            <summary>
            Initializes a new instance of the <see cref="T:FlareNet.Core.FlareUpdater"/> class where product name and user version will be used from entry assembly.
            </summary>
        </member>
        <member name="M:FlareNet.Core.FlareUpdater.#ctor(System.String,System.Net.Http.HttpClient)">
            <summary>
            Initializes a new instance of the <see cref="T:FlareNet.Core.FlareUpdater"/> class where product name and user version will be used from entry assembly.
            </summary>
        </member>
        <member name="M:FlareNet.Core.FlareUpdater.#ctor(System.String,System.String,System.Version)">
            <summary>
            Initializes a new instance of the <see cref="T:FlareNet.Core.FlareUpdater"/> class with explicit product name and user version.
            </summary>
        </member>
        <member name="M:FlareNet.Core.FlareUpdater.CheckForUpdate(System.String)">
            <summary>
            Gets Info about available update with information if it is already downloaded or not.
            </summary>
            <param name="updateChannel">If not specified uses default channel.</param>
            <returns>Information about update.</returns>
            <exception cref="T:FlareNet.Core.FlareException">Thrown if update checking fails.</exception>
        </member>
        <member name="M:FlareNet.Core.FlareUpdater.DownloadUpdateAsync(System.String)">
            <summary>
            Checks for update in the server and downloads update setup if update is needed. 
            Stores updates information in isolated storage.
            Stores update setup in %LOCALAPPDATA%\{product}\Updates\{channel}\{version}\{randomizedName}.exe.
            </summary>
            <param name="updateChannel">Channel in the server to take updates from. If not specified uses default channel.</param>
            <returns>Information about update.</returns>
            <exception cref="T:FlareNet.Core.FlareException">Thrown if update is not found, setup file is not valid or download fails unexpectedly.</exception>
        </member>
        <member name="M:FlareNet.Core.FlareUpdater.UpdateAsync(System.String,System.Action)">
            <summary>
            Updates from already downloaded setup
            </summary>
            <param name="updateChannel">Channel in the server to take updates from. If not specified uses default channel.</param>
            <param name="shutdownCallback">Application shutdown action, invoked after update process is launched.</param>
            <returns>True if update was launched, otherwise false.</returns>
            <exception cref="T:FlareNet.Core.FlareException">Thrown if update fails unexpectedly</exception>
        </member>
        <member name="M:FlareNet.Core.FlareUpdater.GetReleases(System.String)">
            <summary>
            Returns list of releases by channel
            </summary>
            <param name="updateChannel">Channel to take releases from. If not specified uses default channel.</param>
            <returns>List of releases by channel</returns>
            <exception cref="T:FlareNet.Core.FlareException">Thrown if fetching releases fails unexpectedly</exception>
        </member>
    </members>
</doc>
