<?xml version="1.0"?>
<doc>
    <assembly>
        <name>Liberation.Vpn</name>
    </assembly>
    <members>
        <member name="T:Liberation.Logging.ILog">
            <summary>
            Simple interface that represent a logger.
            </summary>
        </member>
        <member name="M:Liberation.Logging.ILog.Log(Liberation.Logging.LogLevel,System.Func{System.String},System.Exception,System.Object[])">
            <summary>
            Log a message the specified log level.
            </summary>
            <param name="logLevel">The log level.</param>
            <param name="messageFunc">The message function.</param>
            <param name="exception">An optional exception.</param>
            <param name="formatParameters">Optional format parameters for the message generated by the messagefunc. </param>
            <returns>true if the message was logged. Otherwise false.</returns>
            <remarks>
            Note to implementers: the message func should not be called if the loglevel is not enabled
            so as not to incur performance penalties.
            
            To check IsEnabled call Log with only LogLevel and check the return value, no event will be written.
            </remarks>
        </member>
        <member name="T:Liberation.Logging.LogLevel">
            <summary>
            The log level.
            </summary>
        </member>
        <member name="T:Liberation.Logging.ILogProvider">
            <summary>
            Represents a way to get a <see cref="T:Liberation.Logging.ILog"/>
            </summary>
        </member>
        <member name="M:Liberation.Logging.ILogProvider.GetLogger(System.String)">
            <summary>
            Gets the specified named logger.
            </summary>
            <param name="name">Name of the logger.</param>
            <returns>The logger reference.</returns>
        </member>
        <member name="M:Liberation.Logging.ILogProvider.OpenNestedContext(System.String)">
            <summary>
            Opens a nested diagnostics context. Not supported in EntLib logging.
            </summary>
            <param name="message">The message to add to the diagnostics context.</param>
            <returns>A disposable that when disposed removes the message from the context.</returns>
        </member>
        <member name="M:Liberation.Logging.ILogProvider.OpenMappedContext(System.String,System.String)">
            <summary>
            Opens a mapped diagnostics context. Not supported in EntLib logging.
            </summary>
            <param name="key">A key.</param>
            <param name="value">A value.</param>
            <returns>A disposable that when disposed removes the map from the context.</returns>
        </member>
        <member name="T:Liberation.Logging.LogProvider">
            <summary>
            Provides a mechanism to create instances of <see cref="T:Liberation.Logging.ILog" /> objects.
            </summary>
        </member>
        <member name="M:Liberation.Logging.LogProvider.SetCurrentLogProvider(Liberation.Logging.ILogProvider)">
            <summary>
            Sets the current log provider.
            </summary>
            <param name="logProvider">The log provider.</param>
        </member>
        <member name="P:Liberation.Logging.LogProvider.IsDisabled">
            <summary>
            Gets or sets a value indicating whether this is logging is disabled.
            </summary>
            <value>
            <c>true</c> if logging is disabled; otherwise, <c>false</c>.
            </value>
        </member>
        <member name="P:Liberation.Logging.LogProvider.OnCurrentLogProviderSet">
            <summary>
            Sets an action that is invoked when a consumer of your library has called SetCurrentLogProvider. It is 
            important that hook into this if you are using child libraries (especially ilmerged ones) that are using
            LibLog (or other logging abstraction) so you adapt and delegate to them.
            <see cref="M:Liberation.Logging.LogProvider.SetCurrentLogProvider(Liberation.Logging.ILogProvider)"/> 
            </summary>
        </member>
        <member name="M:Liberation.Logging.LogProvider.For``1">
            <summary>
            Gets a logger for the specified type.
            </summary>
            <typeparam name="T">The type whose name will be used for the logger.</typeparam>
            <returns>An instance of <see cref="T:Liberation.Logging.ILog"/></returns>
        </member>
        <member name="M:Liberation.Logging.LogProvider.GetCurrentClassLogger">
            <summary>
            Gets a logger for the current class.
            </summary>
            <returns>An instance of <see cref="T:Liberation.Logging.ILog"/></returns>
        </member>
        <member name="M:Liberation.Logging.LogProvider.GetLogger(System.Type,System.String)">
            <summary>
            Gets a logger for the specified type.
            </summary>
            <param name="type">The type whose name will be used for the logger.</param>
            <param name="fallbackTypeName">If the type is null then this name will be used as the log name instead</param>
            <returns>An instance of <see cref="T:Liberation.Logging.ILog"/></returns>
        </member>
        <member name="M:Liberation.Logging.LogProvider.GetLogger(System.String)">
            <summary>
            Gets a logger with the specified name.
            </summary>
            <param name="name">The name.</param>
            <returns>An instance of <see cref="T:Liberation.Logging.ILog"/></returns>
        </member>
        <member name="M:Liberation.Logging.LogProvider.OpenNestedContext(System.String)">
            <summary>
            Opens a nested diagnostics context.
            </summary>
            <param name="message">A message.</param>
            <returns>An <see cref="T:System.IDisposable"/> that closes context when disposed.</returns>
        </member>
        <member name="M:Liberation.Logging.LogProvider.OpenMappedContext(System.String,System.String)">
            <summary>
            Opens a mapped diagnostics context.
            </summary>
            <param name="key">A key.</param>
            <param name="value">A value.</param>
            <returns>An <see cref="T:System.IDisposable"/> that closes context when disposed.</returns>
        </member>
        <member name="T:Liberation.Logging.LogProviders.LoupeLogProvider.WriteDelegate">
            <summary>
            The form of the Loupe Log.Write method we're using
            </summary>
        </member>
        <member name="P:Liberation.Logging.LogProviders.LoupeLogProvider.ProviderIsAvailableOverride">
            <summary>
            Gets or sets a value indicating whether [provider is available override]. Used in tests.
            </summary>
            <value>
            <c>true</c> if [provider is available override]; otherwise, <c>false</c>.
            </value>
        </member>
        <member name="M:Liberation.Logging.LogProviders.LogMessageFormatter.SimulateStructuredLogging(System.Func{System.String},System.Object[])">
            <summary>
            Some logging frameworks support structured logging, such as serilog. This will allow you to add names to structured data in a format string:
            For example: Log("Log message to {user}", user). This only works with serilog, but as the user of LibLog, you don't know if serilog is actually 
            used. So, this class simulates that. it will replace any text in {curly braces} with an index number. 
            
            "Log {message} to {user}" would turn into => "Log {0} to {1}". Then the format parameters are handled using regular .net string.Format.
            </summary>
            <param name="messageBuilder">The message builder.</param>
            <param name="formatParameters">The format parameters.</param>
            <returns></returns>
        </member>
        <member name="T:Liberation.Vpn.Bandwidth">
            <summary>
            Class represents downloaded bytes and uploaded bytes value.
            </summary>
        </member>
        <member name="M:Liberation.Vpn.Internal.Management.IManagementStream.Connect(System.String,Liberation.Vpn.Internal.ManagementPortGenerator)">
            <summary>
            Connects to OpenVPN management interface using specified host and port.
            <paramref name="host">socket host OpenVPN process is listening to.</paramref>
            <paramref name="port">port OpenVPN process is listening to.</paramref>
            <exception cref="T:System.Net.Sockets.SocketException">Thrown if failed to connect to OpenVPN process socket.</exception>
            </summary>
        </member>
        <member name="M:Liberation.Vpn.Internal.Management.IManagementStream.WriteLine(System.String)">
            <summary>
            Writes message to OpenVPN management interface socket.
            </summary>
            <param name="message">Message to write.</param>
            <exception cref="T:System.IO.IOException">Thrown if failed to write to OpenVPN process socket.</exception>
        </member>
        <member name="M:Liberation.Vpn.Internal.Management.IManagementStream.ReadLine(System.Threading.CancellationToken)">
            <summary>
            Reads current message in the OpenVPN management socket. 
            Returns NULL on the end of stream.
            </summary>
            <returns>Current message. NULL if end of stream reached.</returns>
            <exception cref="T:System.IO.IOException">Thrown if failed to read from OpenVPN process socket.</exception>
            <exception cref="T:System.OperationCanceledException">Thrown if cancellation requested</exception>
        </member>
        <member name="M:Liberation.Vpn.Internal.Management.IManagementStream.Disconnect">
            <summary>
            Disconnect from OpenVPN management interface.
            </summary>
        </member>
        <member name="T:Liberation.Vpn.Internal.Management.ResilientTcpManagementClient">
            <summary>
            Class retrying with new port if on Connect SocketException is thrown
            </summary>
        </member>
        <member name="T:Liberation.Vpn.OpenVpnErrorOccuredEventArgs">
            <summary>
            Used to represent OpenVPN errors and additional information when the error has occured.
            </summary>
        </member>
        <member name="M:Liberation.Vpn.OpenVpnErrorOccuredEventArgs.#ctor(Liberation.Vpn.OpenVpnError,Liberation.Vpn.OpenVpnConnection,Liberation.Vpn.OpenVpnState)">
            <summary>
            Creates new instance of <see cref="T:Liberation.Vpn.OpenVpnErrorOccuredEventArgs"/>
            </summary>
            <param name="error">Error received from OpenVPN</param>
            <param name="connection"> Current OpenVPN Connection</param>
            <param name="state">Current OpenVPN state</param>
        </member>
        <member name="P:Liberation.Vpn.OpenVpnErrorOccuredEventArgs.Error">
            <summary>
            Error received from OpenVPN management interface
            </summary>
        </member>
        <member name="P:Liberation.Vpn.OpenVpnErrorOccuredEventArgs.Connection">
            <summary>
            Current OpenVPN Connection
            </summary>
        </member>
        <member name="P:Liberation.Vpn.OpenVpnErrorOccuredEventArgs.State">
            <summary>
            Current OpenVPN state
            </summary>
        </member>
        <member name="T:Liberation.Vpn.OpenVpnOptions">
            <summary>
            Provides options for OpenVPN process.
            </summary>
        </member>
        <member name="M:Liberation.Vpn.OpenVpnOptions.#ctor(System.String,System.String,System.String,System.String)">
            <summary>
            Creates new instance of <see cref="T:Liberation.Vpn.OpenVpnOptions"/>
            </summary>
            <param name="executablePath">Full path to openvpn executable</param>
            <param name="managementHost">OpenVPN management interface host address</param>
            <param name="tapAdapterDescription">Tap network adapter description</param>
            <param name="openVpnServiceName">Tap network adapter description</param>
        </member>
        <member name="P:Liberation.Vpn.OpenVpnOptions.ProcessName">
            <summary>
            OpenVPN process name obtained from executable path.
            </summary>
        </member>
        <member name="P:Liberation.Vpn.OpenVpnOptions.ExecutablePath">
            <summary>
            Full path to OpenVPN executable.
            </summary>
        </member>
        <member name="P:Liberation.Vpn.OpenVpnOptions.ManagementHost">
            <summary>
            OpenVPN management interface host address
            </summary>
        </member>
        <member name="P:Liberation.Vpn.OpenVpnOptions.TapAdapterDescription">
            <summary>
            Tap network adapter description
            </summary>
        </member>
        <member name="P:Liberation.Vpn.OpenVpnOptions.PluginPath">
            <summary>
            Full path to OpenVPN plugin.
            </summary>
        </member>
        <member name="P:Liberation.Vpn.OpenVpnOptions.OpenVpnServiceName">
            <summary>
            OpenVPN service name, used to control openvpn process executable.
            </summary>
        </member>
        <member name="T:Liberation.Vpn.OpenVpnConnection">
            <summary>
            Provides options for OpenVPN connection.
            </summary>
        </member>
        <member name="M:Liberation.Vpn.OpenVpnConnection.#ctor(System.String,System.String,System.String)">
            <summary>
            Creates new instance of <see cref="T:Liberation.Vpn.OpenVpnConnection"/>
            </summary>
            <param name="openVpnConfigPath">Absolute path to OpenVPN config</param>
            <param name="username">Username for OpenVPN</param>
            <param name="password">Password for OpenVPN</param>
        </member>
        <member name="P:Liberation.Vpn.OpenVpnConnection.OpenVpnConfigPath">
            <summary>
            Absolute path to OpenVPN config
            </summary>
        </member>
        <member name="P:Liberation.Vpn.OpenVpnConnection.Tag">
            <summary>
            Additional information provided by the client. Not used by the library.
            </summary>
        </member>
        <member name="P:Liberation.Vpn.OpenVpnConnection.UserName">
            <summary>
            Username for OpenVPN
            </summary>
        </member>
        <member name="P:Liberation.Vpn.OpenVpnConnection.Password">
            <summary>
            Password for OpenVPN
            </summary>
        </member>
        <member name="P:Liberation.Vpn.OpenVpnConnection.DnsHosts">
            <summary>
            Dns host for OpenVPN process
            </summary>
        </member>
        <member name="T:Liberation.Vpn.OpenVpnConnectionManager">
            <summary>
            Manages OpenVPN connection.
            Logs for OpenVPN process are written to LibLog's Logger named "Liberation.Vpn.OpenVpnProcessLogger".
            Events might be raised in background thread.
            </summary>
        </member>
        <member name="M:Liberation.Vpn.OpenVpnConnectionManager.#ctor(Liberation.Vpn.OpenVpnOptions)">
            <summary>
            Creates new instance of <see cref="T:Liberation.Vpn.OpenVpnConnectionManager"/>
            </summary>
            <param name="openVpnOptions">OpenVPN options</param>
        </member>
        <member name="E:Liberation.Vpn.OpenVpnConnectionManager.StatusChanged">
            <summary>
            Event occurs when OpenVPN state changes.
            </summary>
        </member>
        <member name="E:Liberation.Vpn.OpenVpnConnectionManager.ErrorOccured">
            <summary>
            Event occurs when OpenVPN sends error message.
            </summary>
        </member>
        <member name="E:Liberation.Vpn.OpenVpnConnectionManager.BandwidthReceived">
            <summary>
            Event occurs when OpenVPN sends bandwidth message.
            </summary>
            <remarks>
            On disconnection BandwidthReceived event is risen with zero speed.
            </remarks>
        </member>
        <member name="P:Liberation.Vpn.OpenVpnConnectionManager.VpnStatus">
            <summary>
            Current status of OpenVPN connection.
            </summary>
        </member>
        <member name="P:Liberation.Vpn.OpenVpnConnectionManager.Bandwidth">
            <summary>
            Current downloaded bytes/uploaded bytes of traffic to VPN server.
            </summary>
        </member>
        <member name="M:Liberation.Vpn.OpenVpnConnectionManager.Connect(Liberation.Vpn.OpenVpnConnection)">
            <summary>
            Connects to OpenVPN. 
            After successfull connection it keeps reading messages from OpenVPN until
            is cancelled by Disconnect.
            <para/>If already connected existing connection is disconnected and new is created.
            </summary>
            <param name="connection">Connection parameters</param>
            <exception cref="T:Liberation.Vpn.OpenVpnException">Thrown when failed to connect to OpenVPN.</exception>
        </member>
        <member name="M:Liberation.Vpn.OpenVpnConnectionManager.Disconnect">
            <summary>
            Disconnects from OpenVPN. Returns if already disconnected.
            </summary>
            <exception cref="T:Liberation.Vpn.OpenVpnException">Thrown when failed to disconnect from OpenVPN.</exception>
        </member>
    </members>
</doc>
