<?xml version="1.0"?>
<doc>
    <assembly>
        <name>Liberation.OS</name>
    </assembly>
    <members>
        <member name="T:Liberation.OS.Native.User32.WindowShowStyle">
            <summary>
                Enumeration of the different ways of showing a window using
                ShowWindow
            </summary>
        </member>
        <member name="F:Liberation.OS.Native.User32.FLASHWINFO.CbSize">
            <summary>
            The size of the structure in bytes.
            </summary>
        </member>
        <member name="F:Liberation.OS.Native.User32.FLASHWINFO.Hwnd">
            <summary>
            A handle to the window to be flashed. The window can be either opened or minimized.
            </summary>
        </member>
        <member name="F:Liberation.OS.Native.User32.FLASHWINFO.DwFlags">
            <summary>
            The Flash Status.
            </summary>
        </member>
        <member name="F:Liberation.OS.Native.User32.FLASHWINFO.UCount">
            <summary>
            The number of times to Flash the window.
            </summary>
        </member>
        <member name="F:Liberation.OS.Native.User32.FLASHWINFO.DwTimeout">
            <summary>
            The rate at which the Window is to be flashed, in milliseconds. If Zero, the function uses the default cursor blink rate.
            </summary>
        </member>
        <member name="F:Liberation.OS.Native.User32.DwFlag.Stop">
            <summary>
                Stop flashing. The system restores the window to its original stae.
            </summary>
        </member>
        <member name="F:Liberation.OS.Native.User32.DwFlag.Caption">
            <summary>
                Flash the window caption.
            </summary>
        </member>
        <member name="F:Liberation.OS.Native.User32.DwFlag.Tray">
            <summary>
                Flash the taskbar button.
            </summary>
        </member>
        <member name="F:Liberation.OS.Native.User32.DwFlag.All">
            <summary>
                Flash both the window caption and taskbar button.
                This is equivalent to setting the FLASHW_CAPTION | FLASHW_TRAY flags.
            </summary>
        </member>
        <member name="F:Liberation.OS.Native.User32.DwFlag.Timer">
            <summary>
                Flash continuously, until the FLASHW_STOP flag is set.
            </summary>
        </member>
        <member name="F:Liberation.OS.Native.User32.DwFlag.TimerNofg">
            <summary>
                Flash continuously until the window comes to the foreground.
            </summary>
        </member>
        <member name="T:Liberation.OS.Network.IpConfig">
            <summary>
                Class represents ipconfig command line using native mathods
            </summary>
        </member>
        <member name="M:Liberation.OS.Network.IpConfig.Release">
            <summary>
                Release ipv4 lease
            </summary>
        </member>
        <member name="M:Liberation.OS.Network.IpConfig.Renew">
            <summary>
                Renew ipv4 lease
            </summary>
        </member>
        <member name="M:Liberation.OS.Network.Native.Iphlpapi.GetRouteTable">
            <summary>
            Get IPv4 routing table
            </summary>
        </member>
        <member name="M:Liberation.OS.Network.Native.Iphlpapi.CreateRoutingTableEntry(System.Net.IPAddress,System.Net.IPAddress,System.Net.IPAddress,System.Int32,System.Int32,System.Int32)">
            <summary>
            Create IPv4 routing table entry
            </summary>
        </member>
        <member name="M:Liberation.OS.Network.Native.Iphlpapi.DeleteTableEntry(System.Net.IPAddress,System.Net.IPAddress,System.Net.IPAddress,System.Int32,System.Int32)">
            <summary>
            Delete IPv4 routing table entry
            </summary>
        </member>
        <member name="M:Liberation.OS.Network.Native.Iphlpapi.DeleteAllRoutingTableEntries(System.Net.IPAddress,System.Net.IPAddress)">
            <summary>
            Delete IPv4 routing table entries by destination
            </summary>
        </member>
        <member name="M:Liberation.OS.Network.Native.Iphlpapi.ReadIpForwardTable(System.IntPtr)">
            <summary>
            Read IPv4 routing table
            </summary>
        </member>
        <member name="P:Liberation.OS.Processing.ExecutionInfo.Output">
            <summary>
            Standard output
            </summary>
        </member>
        <member name="P:Liberation.OS.Processing.ExecutionInfo.ErrorOutput">
            <summary>
            Error output
            </summary>
        </member>
        <member name="P:Liberation.OS.Processing.ExecutionInfo.Succeeded">
            <summary>
            Indicates if the process has ended with code 0.
            </summary>
        </member>
        <member name="P:Liberation.OS.Processing.ExecutionInfo.ExitCode">
            <summary>
            Exit code of the process. Has value if the process has exited, not timed out.
            </summary>
        </member>
        <member name="T:Liberation.OS.Processing.ProcessStarter">
            <summary>
            Thread safe class used to start processes and asynchronously collect standard and error outputs
            </summary>
        </member>
        <member name="P:Liberation.OS.Processing.ProcessStarter.TimeOut">
            <summary>
            Timeout for process execution. Default is 20 seconds.
            </summary>
        </member>
        <member name="M:Liberation.OS.Processing.ProcessStarter.Start(System.Diagnostics.ProcessStartInfo)">
            <summary>
            Starts process and collects standard and error outputs
            </summary>
            <param name="startInfo">process start arguments</param>
            <returns></returns>
        </member>
        <member name="M:Liberation.OS.Processing.ProcessStarterExtensions.Cmd(Liberation.OS.Processing.ProcessStarter,System.String,System.String)">
            <summary>
            Executes executable found in PATH environment variable
            </summary>
        </member>
        <member name="M:Liberation.OS.Processing.ProcessTerminator.Terminate(System.String)">
            <summary>
            Terminates all runing processess matching name.
            Does not wait until process exits.
            </summary>
            <param name="name"></param>
        </member>
        <member name="M:Liberation.OS.Processing.ProcessTerminator.TerminateAsync(System.String)">
            <summary>
            Terminates all runing processess matching name on background thread.
            Does not wait until process exits.
            </summary>
            <param name="name"></param>
        </member>
        <member name="M:Liberation.OS.OSInfo.GetFriendlyOSName">
            <summary>
            Returns current os name and with service pack and bitness
            Like
            Windows 10 Pro 64-bit (10.0, Build 14393)
            </summary>
        </member>
        <member name="M:Liberation.OS.OSInfo.GetOSEdition">
            <summary>
            Returns current os edition name
            This can be anything:
            Professional, Home, ConnectedCore, ProfessionalWMC ...
            </summary>
        </member>
        <member name="M:Liberation.OS.OSInfo.GetFriendlyRamUsedInformation">
            <summary>
            Returns ram used in mb like available/total
            </summary>
        </member>
        <member name="M:Liberation.OS.OSInfo.GetInstalledNETVersion">
            <summary>
            Gets .NET version like 4.6.1. If .NET version is older than 4.5 returns ""
            </summary>
        </member>
        <member name="M:Liberation.OS.SingleInstanceHelper.EnsureSingleAppInstance(System.String,System.Action)">
            <summary>
            Shutdowns app's instance if its already running.
            </summary>
        </member>
        <member name="M:Liberation.OS.SingleInstanceHelper.EnsureSingleAppInstance(System.String,System.String,System.Action)">
            <summary>
            Shutdowns app's instance if its already running.
            Brings running app's window to front.
            </summary>
        </member>
        <member name="M:Liberation.OS.UacHelper.IsProcessElevated">
            <summary>
            Checks if process elevated by reading process elevation token.
            Throws <exception cref="T:System.ComponentModel.Win32Exception"/> if token reading fails. 
            </summary>
            <returns>True if process elevated. Else false.</returns>
        </member>
        <member name="M:Liberation.OS.UacHelper.EnsureElevated(System.Action{System.Boolean})">
            <summary>
            Restarts current process with elevation if current process is not elevated.
            </summary>
            <param name="shutdownAction">Shutdown action</param>
        </member>
        <member name="M:Liberation.OS.UacHelper.IsUACEnabled">
            <summary>
            Checks if UAC enabled using registry.
            </summary>
        </member>
        <member name="M:Liberation.OS.Win32Services.Win32ServiceManager.EnsureServiceRunning">
            <summary>
            Attempts to start Service no matter the current service state.
            If service under pause or already started returns.
            </summary>
        </member>
    </members>
</doc>
