<?xml version="1.0"?>
<doc>
    <assembly>
        <name>Liberation.ServiceProcess</name>
    </assembly>
    <members>
        <member name="M:Liberation.ServiceProcess.Internal.Commands.ServiceStarter.Start(System.String)">
            <summary>
            Attempts to start Service no matter the current service state
            If service is already started returns.
            </summary>
            <exception cref="T:Liberation.ServiceProcess.ServiceHostRunnerException">Thrown if failed to start service.</exception>
            <param name="serviceName">Name of the service.</param>
        </member>
        <member name="M:Liberation.ServiceProcess.Internal.Installation.TransactedServiceInstaller.Install(Liberation.ServiceProcess.Internal.Installation.ServiceInstallOptions)">
            <summary>
            Installs service
            </summary>
            <exception cref="T:Liberation.ServiceProcess.ServiceHostRunnerException">Thrown if failed to start service after installation.</exception>
            <param name="options">Install options</param>
        </member>
        <member name="F:Liberation.ServiceProcess.DelegatingService.ErrorExceptionInService">
            <summary>
            An exception occurred in the service when handling the control request.
            </summary>
        </member>
        <member name="M:Liberation.ServiceProcess.ServiceHostConfiguration.EnableConsoleMode">
            <summary>
            Enables console mode.
            If <see cref="T:Liberation.ServiceProcess.ServiceHostRunner"/> started in interactive mode
            then running without args will spawn service running in a console window.
            </summary>
        </member>
        <member name="M:Liberation.ServiceProcess.ServiceHostRunner.Run(System.String[],System.Action{Liberation.ServiceProcess.ServiceHostConfiguration})">
            <summary>
            Configures and runs service.
            Service is started as console application if running in interactive session.
            </summary>
            <param name="args">
            Args to pass to service.
            --start argument starts the service if is not already started and exits.
            --install argument installs and starts the service and exits.
            --uninstall argument uninstall the service and exits.
            </param>
            <param name="configurationAction">
            Action to configure service.
            ServiceName, ServiceDescription, ServiceDisplayName is mandatory.
            <exception cref="T:Liberation.ServiceProcess.ServiceHostRunnerException">Thrown if service configuration is invalid.</exception>
            </param>
        </member>
    </members>
</doc>
